{
	"camera_data":
	{
		"location_worldframe": [ 0, 240, -360 ],
		"quaternion_xyzw_worldframe": [ 0, 0, 0, 1 ]
	},
	"objects": [
		{
			"class": "sphere",
			"visibility": 0,
			"location": [ -89.687103271484375, -114.33049774169922, 365 ],
			"quaternion_xyzw": [ 0, 0, 0, 1 ],
			"pose_transform": [
				[ 0, 0, 0.40000000596046448, 0 ],
				[ 0.028400000184774399, 0.095899999141693115, 0, 0 ],
				[ 0.19169999659061432, -0.056899998337030411, 0, 0 ],
				[ -89.687103271484375, -114.33049774169922, 365, 1 ]
			],
			"cuboid_centroid": [ -89.687103271484375, -114.33049774169922, 365 ],
			"projected_cuboid_centroid": [ 193.09620666503906, 175.81199645996094 ],
			"bounding_box":
			{
				"top_left": [ 167.07220458984375, 182.02479553222656 ],
				"bottom_right": [ 183.60409545898438, 203.41110229492188 ]
			},
			"cuboid": [
				[ -74.353302001953125, -111.61319732666016, 392.85739135742188 ],
				[ -78.312896728515625, -124.96720123291016, 392.85739135742188 ],
				[ -105.02089691162109, -117.04789733886719, 392.85739135742188 ],
				[ -101.06120300292969, -103.69390106201172, 392.85739135742188 ],
				[ -74.353302001953125, -111.61319732666016, 337.14260864257813 ],
				[ -78.312896728515625, -124.96720123291016, 337.14260864257813 ],
				[ -105.02089691162109, -117.04789733886719, 337.14260864257813 ],
				[ -101.06120300292969, -103.69390106201172, 337.14260864257813 ]
			],
			"projected_cuboid": [
				[ 207.5487060546875, 183.26890563964844 ],
				[ 204.968505859375, 174.56689453125 ],
				[ 187.56460571289063, 179.72740173339844 ],
				[ 190.1448974609375, 188.42930603027344 ],
				[ 199.54190063476563, 171.24960327148438 ],
				[ 196.53520202636719, 161.10960388183594 ],
				[ 176.25529479980469, 167.12289428710938 ],
				[ 179.26190185546875, 177.26289367675781 ]
			]
		}
	]
}