{
	"camera_data":
	{
		"location_worldframe": [ 0, 240, -360 ],
		"quaternion_xyzw_worldframe": [ 0, 0, 0, 1 ]
	},
	"objects": [
		{
			"class": "sphere",
			"visibility": 0,
			"location": [ 110.81649780273438, 399.26779174804688, 365 ],
			"quaternion_xyzw": [ 0, 0, 0, 1 ],
			"pose_transform": [
				[ 0, 0, 0.40000000596046448, 0 ],
				[ 0.10000000149011612, 0, 0, 0 ],
				[ 0, -0.20000000298023224, 0, 0 ],
				[ 110.81649780273438, 399.26779174804688, 365, 1 ]
			],
			"cuboid_centroid": [ 110.81649780273438, 399.26779174804688, 365 ],
			"projected_cuboid_centroid": [ 333.723388671875, 536.034423828125 ],
			"bounding_box":
			{
				"top_left": [ 514.014404296875, 326.440185546875 ],
				"bottom_right": [ 561.3643798828125, 341.92190551757813 ]
			},
			"cuboid": [
				[ 117.78089904785156, 385.339111328125, 392.85739135742188 ],
				[ 103.85220336914063, 385.339111328125, 392.85739135742188 ],
				[ 103.85220336914063, 413.1964111328125, 392.85739135742188 ],
				[ 117.78089904785156, 413.1964111328125, 392.85739135742188 ],
				[ 117.78089904785156, 385.339111328125, 337.14260864257813 ],
				[ 103.85220336914063, 385.339111328125, 337.14260864257813 ],
				[ 103.85220336914063, 413.1964111328125, 337.14260864257813 ],
				[ 117.78089904785156, 413.1964111328125, 337.14260864257813 ]
			],
			"projected_cuboid": [
				[ 332.75030517578125, 507.10079956054688 ],
				[ 323.67379760742188, 507.10079956054688 ],
				[ 323.67379760742188, 525.25360107421875 ],
				[ 332.75030517578125, 525.25360107421875 ],
				[ 345.43368530273438, 548.5966796875 ],
				[ 334.8572998046875, 548.5966796875 ],
				[ 334.8572998046875, 569.7493896484375 ],
				[ 345.43368530273438, 569.7493896484375 ]
			]
		},
		{
			"class": "sphere",
			"visibility": 0,
			"location": [ 110.81649780273438, 339.2677001953125, 365 ],
			"quaternion_xyzw": [ 0, 0, 0, 1 ],
			"pose_transform": [
				[ 0, 0, 0.40000000596046448, 0 ],
				[ 0.10000000149011612, 0, 0, 0 ],
				[ 0, -0.20000000298023224, 0, 0 ],
				[ 110.81649780273438, 339.2677001953125, 365, 1 ]
			],
			"cuboid_centroid": [ 110.81649780273438, 339.2677001953125, 365 ],
			"projected_cuboid_centroid": [ 333.723388671875, 493.95208740234375 ],
			"bounding_box":
			{
				"top_left": [ 474.5701904296875, 326.440185546875 ],
				"bottom_right": [ 516.11932373046875, 341.92190551757813 ]
			},
			"cuboid": [
				[ 117.78089904785156, 325.3389892578125, 392.85739135742188 ],
				[ 103.85220336914063, 325.3389892578125, 392.85739135742188 ],
				[ 103.85220336914063, 353.1962890625, 392.85739135742188 ],
				[ 117.78089904785156, 353.1962890625, 392.85739135742188 ],
				[ 117.78089904785156, 325.3389892578125, 337.14260864257813 ],
				[ 103.85220336914063, 325.3389892578125, 337.14260864257813 ],
				[ 103.85220336914063, 353.1962890625, 337.14260864257813 ],
				[ 117.78089904785156, 353.1962890625, 337.14260864257813 ]
			],
			"projected_cuboid": [
				[ 332.75030517578125, 468.00259399414063 ],
				[ 323.67379760742188, 468.00259399414063 ],
				[ 323.67379760742188, 486.1553955078125 ],
				[ 332.75030517578125, 486.1553955078125 ],
				[ 345.43368530273438, 503.03729248046875 ],
				[ 334.8572998046875, 503.03729248046875 ],
				[ 334.8572998046875, 524.19000244140625 ],
				[ 345.43368530273438, 524.19000244140625 ]
			]
		},
		{
			"class": "sphere",
			"visibility": 0,
			"location": [ -52.502700805664063, -161.48049926757813, 365 ],
			"quaternion_xyzw": [ 0, 0, 0, 1 ],
			"pose_transform": [
				[ 0, 0, 0.40000000596046448, 0 ],
				[ -0.076999999582767487, 0.06379999965429306, 0, 0 ],
				[ 0.12759999930858612, 0.15399999916553497, 0, 0 ],
				[ -52.502700805664063, -161.48049926757813, 365, 1 ]
			],
			"cuboid_centroid": [ -52.502700805664063, -161.48049926757813, 365 ],
			"projected_cuboid_centroid": [ 219.17619323730469, 142.74240112304688 ],
			"bounding_box":
			{
				"top_left": [ 130.12330627441406, 211.09629821777344 ],
				"bottom_right": [ 154.03750610351563, 226.81080627441406 ]
			},
			"cuboid": [
				[ -48.974899291992188, -146.31269836425781, 392.85739135742188 ],
				[ -38.251701354980469, -155.20210266113281, 392.85739135742188 ],
				[ -56.030498504638672, -176.64840698242188, 392.85739135742188 ],
				[ -66.753700256347656, -167.75900268554688, 392.85739135742188 ],
				[ -48.974899291992188, -146.31269836425781, 337.14260864257813 ],
				[ -38.251701354980469, -155.20210266113281, 337.14260864257813 ],
				[ -56.030498504638672, -176.64840698242188, 337.14260864257813 ],
				[ -66.753700256347656, -167.75900268554688, 337.14260864257813 ]
			],
			"projected_cuboid": [
				[ 224.08619689941406, 160.65739440917969 ],
				[ 231.07380676269531, 154.86480712890625 ],
				[ 219.48860168457031, 140.88960266113281 ],
				[ 212.50090026855469, 146.68220520019531 ],
				[ 218.81219482421875, 144.90150451660156 ],
				[ 226.95460510253906, 138.15159606933594 ],
				[ 213.45480346679688, 121.86689758300781 ],
				[ 205.31239318847656, 128.61680603027344 ]
			]
		},
		{
			"class": "sphere",
			"visibility": 0,
			"location": [ 293.77328491210938, 462.40829467773438, 365 ],
			"quaternion_xyzw": [ 0, 0, 0, 1 ],
			"pose_transform": [
				[ 0, 0, 0.80000001192092896, 0 ],
				[ 0.79930001497268677, 0.032499998807907104, 0, 0 ],
				[ 0.036499999463558197, -0.8992999792098999, 0, 0 ],
				[ 293.77328491210938, 462.40829467773438, 365, 1 ]
			],
			"cuboid_centroid": [ 293.77328491210938, 462.40838623046875, 365 ],
			"projected_cuboid_centroid": [ 462.04379272460938, 580.31927490234375 ],
			"bounding_box":
			{
				"top_left": [ 520.47760009765625, 415.83441162109375 ],
				"bottom_right": [ 655.7689208984375, 518.127197265625 ]
			},
			"cuboid": [
				[ 351.98611450195313, 402.04220581054688, 420.71490478515625 ],
				[ 240.64810180664063, 397.5198974609375, 420.71490478515625 ],
				[ 235.56050109863281, 522.7744140625, 420.71490478515625 ],
				[ 346.89849853515625, 527.29669189453125, 420.71490478515625 ],
				[ 351.98611450195313, 402.04220581054688, 309.28509521484375 ],
				[ 240.64810180664063, 397.5198974609375, 309.28509521484375 ],
				[ 235.56050109863281, 522.7744140625, 309.28509521484375 ],
				[ 346.89849853515625, 527.29669189453125, 309.28509521484375 ]
			],
			"projected_cuboid": [
				[ 470.17941284179688, 500.63800048828125 ],
				[ 402.43148803710938, 497.88619995117188 ],
				[ 399.33578491210938, 574.10198974609375 ],
				[ 467.08358764648438, 576.85382080078125 ],
				[ 547.34429931640625, 588.7764892578125 ],
				[ 455.1881103515625, 585.0333251953125 ],
				[ 450.97698974609375, 688.70831298828125 ],
				[ 543.13311767578125, 692.45159912109375 ]
			]
		}
	]
}