{
	"camera_data":
	{
		"location_worldframe": [ 0, 240, -360 ],
		"quaternion_xyzw_worldframe": [ 0, 0, 0, 1 ]
	},
	"objects": [
		{
			"class": "sphere",
			"visibility": 0,
			"location": [ 110.81649780273438, 317.28961181640625, 365 ],
			"quaternion_xyzw": [ 0, 0, 0, 1 ],
			"pose_transform": [
				[ 0, 0, 0.40000000596046448, 0 ],
				[ 0.10000000149011612, 0, 0, 0 ],
				[ 0, -0.20000000298023224, 0, 0 ],
				[ 110.81649780273438, 317.28961181640625, 365, 1 ]
			],
			"cuboid_centroid": [ 110.81649780273438, 317.28961181640625, 365 ],
			"projected_cuboid_centroid": [ 333.723388671875, 478.53741455078125 ],
			"bounding_box":
			{
				"top_left": [ 460.11358642578125, 326.440185546875 ],
				"bottom_right": [ 499.57650756835938, 341.92190551757813 ]
			},
			"cuboid": [
				[ 117.78089904785156, 303.36099243164063, 392.85739135742188 ],
				[ 103.85220336914063, 303.36099243164063, 392.85739135742188 ],
				[ 103.85220336914063, 331.21829223632813, 392.85739135742188 ],
				[ 117.78089904785156, 331.21829223632813, 392.85739135742188 ],
				[ 117.78089904785156, 303.36099243164063, 337.14260864257813 ],
				[ 103.85220336914063, 303.36099243164063, 337.14260864257813 ],
				[ 103.85220336914063, 331.21829223632813, 337.14260864257813 ],
				[ 117.78089904785156, 331.21829223632813, 337.14260864257813 ]
			],
			"projected_cuboid": [
				[ 332.75030517578125, 453.680908203125 ],
				[ 323.67379760742188, 453.680908203125 ],
				[ 323.67379760742188, 471.83370971679688 ],
				[ 332.75030517578125, 471.83370971679688 ],
				[ 345.43368530273438, 486.34890747070313 ],
				[ 334.8572998046875, 486.34890747070313 ],
				[ 334.8572998046875, 507.5015869140625 ],
				[ 345.43368530273438, 507.5015869140625 ]
			]
		},
		{
			"class": "sphere",
			"visibility": 0,
			"location": [ -159.18350219726563, 397.28948974609375, 365 ],
			"quaternion_xyzw": [ 0, 0, 0, 1 ],
			"pose_transform": [
				[ 0, 0, 0.40000000596046448, 0 ],
				[ 0.10000000149011612, 0, 0, 0 ],
				[ 0, -0.20000000298023224, 0, 0 ],
				[ -159.18350219726563, 397.28948974609375, 365, 1 ]
			],
			"cuboid_centroid": [ -159.18350219726563, 397.28948974609375, 365 ],
			"projected_cuboid_centroid": [ 144.35350036621094, 534.64691162109375 ],
			"bounding_box":
			{
				"top_left": [ 512.71759033203125, 133.80619812011719 ],
				"bottom_right": [ 559.87261962890625, 153.58970642089844 ]
			},
			"cuboid": [
				[ -152.21910095214844, 383.36090087890625, 392.85739135742188 ],
				[ -166.14779663085938, 383.36090087890625, 392.85739135742188 ],
				[ -166.14779663085938, 411.21820068359375, 392.85739135742188 ],
				[ -152.21910095214844, 411.21820068359375, 392.85739135742188 ],
				[ -152.21910095214844, 383.36090087890625, 337.14260864257813 ],
				[ -166.14779663085938, 383.36090087890625, 337.14260864257813 ],
				[ -166.14779663085938, 411.21820068359375, 337.14260864257813 ],
				[ -152.21910095214844, 411.21820068359375, 337.14260864257813 ]
			],
			"projected_cuboid": [
				[ 156.80859375, 505.81170654296875 ],
				[ 147.73210144042969, 505.81170654296875 ],
				[ 147.73210144042969, 523.9644775390625 ],
				[ 156.80859375, 523.9644775390625 ],
				[ 140.41659545898438, 547.0946044921875 ],
				[ 129.84019470214844, 547.0946044921875 ],
				[ 129.84019470214844, 568.247314453125 ],
				[ 140.41659545898438, 568.247314453125 ]
			]
		},
		{
			"class": "sphere",
			"visibility": 0,
			"location": [ -39.183498382568359, 327.28961181640625, 365 ],
			"quaternion_xyzw": [ 0, 0, 0, 1 ],
			"pose_transform": [
				[ 0, 0, 0.40000000596046448, 0 ],
				[ 0.10000000149011612, 0, 0, 0 ],
				[ 0, -0.20000000298023224, 0, 0 ],
				[ -39.183498382568359, 327.28961181640625, 365, 1 ]
			],
			"cuboid_centroid": [ -39.183498382568359, 327.28961181640625, 365 ],
			"projected_cuboid_centroid": [ 228.51789855957031, 485.55108642578125 ],
			"bounding_box":
			{
				"top_left": [ 466.69131469726563, 223.01409912109375 ],
				"bottom_right": [ 507.0880126953125, 233.70309448242188 ]
			},
			"cuboid": [
				[ -32.219100952148438, 313.36099243164063, 392.85739135742188 ],
				[ -46.147800445556641, 313.36099243164063, 392.85739135742188 ],
				[ -46.147800445556641, 341.21829223632813, 392.85739135742188 ],
				[ -32.219100952148438, 341.21829223632813, 392.85739135742188 ],
				[ -32.219100952148438, 313.36099243164063, 337.14260864257813 ],
				[ -46.147800445556641, 313.36099243164063, 337.14260864257813 ],
				[ -46.147800445556641, 341.21829223632813, 337.14260864257813 ],
				[ -32.219100952148438, 341.21829223632813, 337.14260864257813 ]
			],
			"projected_cuboid": [
				[ 235.00489807128906, 460.19729614257813 ],
				[ 225.92840576171875, 460.19729614257813 ],
				[ 225.92840576171875, 478.35009765625 ],
				[ 235.00489807128906, 478.35009765625 ],
				[ 231.53529357910156, 493.94210815429688 ],
				[ 220.95889282226563, 493.94210815429688 ],
				[ 220.95889282226563, 515.09478759765625 ],
				[ 231.53529357910156, 515.09478759765625 ]
			]
		},
		{
			"class": "sphere",
			"visibility": 0,
			"location": [ 30.816499710083008, 327.28961181640625, 365 ],
			"quaternion_xyzw": [ 0, 0, 0, 1 ],
			"pose_transform": [
				[ 0, 0, 0.40000000596046448, 0 ],
				[ 0.10000000149011612, 0, 0, 0 ],
				[ 0, -0.20000000298023224, 0, 0 ],
				[ 30.816499710083008, 327.28961181640625, 365, 1 ]
			],
			"cuboid_centroid": [ 30.816499710083008, 327.28961181640625, 365 ],
			"projected_cuboid_centroid": [ 277.61380004882813, 485.55108642578125 ],
			"bounding_box":
			{
				"top_left": [ 466.69131469726563, 272.55999755859375 ],
				"bottom_right": [ 507.0880126953125, 282.92620849609375 ]
			},
			"cuboid": [
				[ 37.780899047851563, 313.36099243164063, 392.85739135742188 ],
				[ 23.852199554443359, 313.36099243164063, 392.85739135742188 ],
				[ 23.852199554443359, 341.21829223632813, 392.85739135742188 ],
				[ 37.780899047851563, 341.21829223632813, 392.85739135742188 ],
				[ 37.780899047851563, 313.36099243164063, 337.14260864257813 ],
				[ 23.852199554443359, 313.36099243164063, 337.14260864257813 ],
				[ 23.852199554443359, 341.21829223632813, 337.14260864257813 ],
				[ 37.780899047851563, 341.21829223632813, 337.14260864257813 ]
			],
			"projected_cuboid": [
				[ 280.619384765625, 460.19729614257813 ],
				[ 271.54299926757813, 460.19729614257813 ],
				[ 271.54299926757813, 478.35009765625 ],
				[ 280.619384765625, 478.35009765625 ],
				[ 284.68789672851563, 493.94210815429688 ],
				[ 274.11151123046875, 493.94210815429688 ],
				[ 274.11151123046875, 515.09478759765625 ],
				[ 284.68789672851563, 515.09478759765625 ]
			]
		},
		{
			"class": "sphere",
			"visibility": 0,
			"location": [ 110.81649780273438, 257.28948974609375, 365 ],
			"quaternion_xyzw": [ 0, 0, 0, 1 ],
			"pose_transform": [
				[ 0, 0, 0.40000000596046448, 0 ],
				[ 0.10000000149011612, 0, 0, 0 ],
				[ 0, -0.20000000298023224, 0, 0 ],
				[ 110.81649780273438, 257.28948974609375, 365, 1 ]
			],
			"cuboid_centroid": [ 110.81649780273438, 257.28948974609375, 365 ],
			"projected_cuboid_centroid": [ 333.723388671875, 436.45510864257813 ],
			"bounding_box":
			{
				"top_left": [ 420.51300048828125, 326.440185546875 ],
				"bottom_right": [ 454.50750732421875, 341.92190551757813 ]
			},