{
	"camera_data":
	{
		"location_worldframe": [ 0, 240, -360 ],
		"quaternion_xyzw_worldframe": [ 0, 0, 0, 1 ]
	},
	"objects": [
		{
			"class": "sphere",
			"visibility": 0,
			"location": [ -119.739501953125, -76.2239990234375, 365 ],
			"quaternion_xyzw": [ 0, 0, 0, 1 ],
			"pose_transform": [
				[ 0, 0, 0.40000000596046448, 0 ],
				[ 0.065099999308586121, -0.07590000331401825, 0, 0 ],
				[ -0.15170000493526459, -0.13030000030994415, 0, 0 ],
				[ -119.739501953125, -76.2239990234375, 365, 1 ]
			],
			"cuboid_centroid": [ -119.73940277099609, -76.2239990234375, 365 ],
			"projected_cuboid_centroid": [ 172.01829528808594, 202.53880310058594 ],
			"bounding_box":
			{
				"top_left": [ 193.73420715332031, 161.15400695800781 ],
				"bottom_right": [ 210.70950317382813, 181.89500427246094 ]
			},
			"cuboid": [
				[ -125.76940155029297, -90.581802368164063, 392.85739135742188 ],
				[ -134.84379577636719, -80.014602661132813, 392.85739135742188 ],
				[ -113.70950317382813, -61.866100311279297, 392.85739135742188 ],
				[ -104.63510131835938, -72.433296203613281, 392.85739135742188 ],
				[ -125.76940155029297, -90.581802368164063, 337.14260864257813 ],
				[ -134.84379577636719, -80.014602661132813, 337.14260864257813 ],
				[ -113.70950317382813, -61.866100311279297, 337.14260864257813 ],
				[ -104.63510131835938, -72.433296203613281, 337.14260864257813 ]
			],
			"projected_cuboid": [
				[ 174.04409790039063, 196.97360229492188 ],
				[ 168.13099670410156, 203.85960388183594 ],
				[ 181.90280151367188, 215.68580627441406 ],
				[ 187.81599426269531, 208.79989624023438 ],
				[ 160.50039672851563, 187.21919250488281 ],
				[ 153.610107421875, 195.24310302734375 ],
				[ 169.65780639648438, 209.02369689941406 ],
				[ 176.54820251464844, 200.99980163574219 ]
			]
		}
	]
}