{
	"camera_data":
	{
		"location_worldframe": [ 0, 240, -360 ],
		"quaternion_xyzw_worldframe": [ 0, 0, 0, 1 ]
	},
	"objects": [
		{
			"class": "sphere",
			"visibility": 0,
			"location": [ -112.71859741210938, -85.126502990722656, 365 ],
			"quaternion_xyzw": [ 0, 0, 0, 1 ],
			"pose_transform": [
				[ 0, 0, 0.40000000596046448, 0 ],
				[ -0.025499999523162842, -0.096699997782707214, 0, 0 ],
				[ -0.19339999556541443, 0.050999999046325684, 0, 0 ],
				[ -112.71859741210938, -85.126502990722656, 365, 1 ]
			],
			"cuboid_centroid": [ -112.71859741210938, -85.126502990722656, 365 ],
			"projected_cuboid_centroid": [ 176.94259643554688, 196.29490661621094 ],
			"bounding_box":
			{
				"top_left": [ 188.86099243164063, 165.12199401855469 ],
				"bottom_right": [ 203.01890563964844, 187.84109497070313 ]
			},
			"cuboid": [
				[ -127.96269989013672, -88.308799743652344, 392.85739135742188 ],
				[ -124.41079711914063, -74.840499877929688, 392.85739135742188 ],
				[ -97.474502563476563, -81.944099426269531, 392.85739135742188 ],
				[ -101.02629852294922, -95.412399291992188, 392.85739135742188 ],
				[ -127.96269989013672, -88.308799743652344, 337.14260864257813 ],
				[ -124.41079711914063, -74.840499877929688, 337.14260864257813 ],
				[ -97.474502563476563, -81.944099426269531, 337.14260864257813 ],
				[ -101.02629852294922, -95.412399291992188, 337.14260864257813 ]
			],
			"projected_cuboid": [
				[ 172.61489868164063, 198.45480346679688 ],
				[ 174.92939758300781, 207.231201171875 ],
				[ 192.48210144042969, 202.602294921875 ],
				[ 190.1676025390625, 193.82589721679688 ],
				[ 158.83509826660156, 188.94509887695313 ],
				[ 161.53199768066406, 199.17190551757813 ],
				[ 181.98539733886719, 193.77799987792969 ],
				[ 179.28840637207031, 183.55119323730469 ]
			]
		}
	]
}