{
	"camera_data":
	{
		"location_worldframe": [ 0, 240, -360 ],
		"quaternion_xyzw_worldframe": [ 0, 0, 0, 1 ]
	},
	"objects": [
		{
			"class": "sphere",
			"visibility": 0,
			"location": [ -67.680397033691406, -142.235107421875, 365 ],
			"quaternion_xyzw": [ 0, 0, 0, 1 ],
			"pose_transform": [
				[ 0, 0, 0.40000000596046448, 0 ],
				[ -0.017400000244379044, -0.098499998450279236, 0, 0 ],
				[ -0.19689999520778656, 0.0348999984562397, 0, 0 ],
				[ -67.680397033691406, -142.235107421875, 365, 1 ]
			],
			"cuboid_centroid": [ -67.680397033691406, -142.235107421875, 365 ],
			"projected_cuboid_centroid": [ 208.531005859375, 156.2406005859375 ],
			"bounding_box":
			{
				"top_left": [ 146.41819763183594, 197.87469482421875 ],
				"bottom_right": [ 164.89329528808594, 218.62770080566406 ]
			},
			"cuboid": [
				[ -82.610298156738281, -146.66299438476563, 392.85739135742188 ],
				[ -80.18060302734375, -132.94779968261719, 392.85739135742188 ],
				[ -52.750499725341797, -137.80720520019531, 392.85739135742188 ],
				[ -55.180198669433594, -151.52239990234375, 392.85739135742188 ],
				[ -82.610298156738281, -146.66299438476563, 337.14260864257813 ],
				[ -80.18060302734375, -132.94779968261719, 337.14260864257813 ],
				[ -52.750499725341797, -137.80720520019531, 337.14260864257813 ],
				[ -55.180198669433594, -151.52239990234375, 337.14260864257813 ]
			],
			"projected_cuboid": [
				[ 202.16810607910156, 160.42909240722656 ],
				[ 203.75140380859375, 169.36639404296875 ],
				[ 221.62590026855469, 166.19990539550781 ],
				[ 220.0426025390625, 157.26260375976563 ],
				[ 193.2720947265625, 144.635498046875 ],
				[ 195.11700439453125, 155.04969787597656 ],
				[ 215.94540405273438, 151.35989379882813 ],
				[ 214.10040283203125, 140.94560241699219 ]
			]
		}
	]
}