{
	"camera_data":
	{
		"location_worldframe": [ 0, 240, -360 ],
		"quaternion_xyzw_worldframe": [ 0, 0, 0, 1 ]
	},
	"objects": [
		{
			"class": "sphere",
			"visibility": 0,
			"location": [ -100.32209777832031, -100.84519958496094, 365 ],
			"quaternion_xyzw": [ 0, 0, 0, 1 ],
			"pose_transform": [
				[ 0, 0, 0.40000000596046448, 0 ],
				[ -0.092299997806549072, 0.03840000182390213, 0, 0 ],
				[ 0.076899997889995575, 0.18459999561309814, 0, 0 ],
				[ -100.32209777832031, -100.84519958496094, 365, 1 ]
			],
			"cuboid_centroid": [ -100.32209777832031, -100.84519958496094, 365 ],
			"projected_cuboid_centroid": [ 185.63710021972656, 185.27020263671875 ],
			"bounding_box":
			{
				"top_left": [ 174.10159301757813, 177.19540405273438 ],
				"bottom_right": [ 195.5968017578125, 193.23539733886719 ]
			},
			"cuboid": [
				[ -101.39700317382813, -85.309700012207031, 392.85739135742188 ],
				[ -88.538597106933594, -90.66400146484375, 392.85739135742188 ],
				[ -99.247299194335938, -116.38079833984375, 392.85739135742188 ],
				[ -112.10569763183594, -111.02639770507813, 392.85739135742188 ],
				[ -101.39700317382813, -85.309700012207031, 337.14260864257813 ],
				[ -88.538597106933594, -90.66400146484375, 337.14260864257813 ],
				[ -99.247299194335938, -116.38079833984375, 337.14260864257813 ],
				[ -112.10569763183594, -111.02639770507813, 337.14260864257813 ]
			],
			"projected_cuboid": [
				[ 189.92610168457031, 200.40919494628906 ],
				[ 198.30509948730469, 196.92010498046875 ],
				[ 191.326904296875, 180.16209411621094 ],
				[ 182.94790649414063, 183.65119934082031 ],
				[ 179.00689697265625, 191.22239685058594 ],
				[ 188.77070617675781, 187.15669250488281 ],
				[ 180.63929748535156, 167.62939453125 ],
				[ 170.87559509277344, 171.69509887695313 ]
			]
		}
	]
}