{
	"camera_data":
	{
		"location_worldframe": [ 0, 240, -360 ],
		"quaternion_xyzw_worldframe": [ 0, 0, 0, 1 ]
	},
	"objects": [
		{
			"class": "sphere",
			"visibility": 0,
			"location": [ 110.81649780273438, 374.4901123046875, 365 ],
			"quaternion_xyzw": [ 0, 0, 0, 1 ],
			"pose_transform": [
				[ 0, 0, 0.40000000596046448, 0 ],
				[ 0.10000000149011612, 0, 0, 0 ],
				[ 0, -0.20000000298023224, 0, 0 ],
				[ 110.81649780273438, 374.4901123046875, 365, 1 ]
			],
			"cuboid_centroid": [ 110.81649780273438, 374.4901123046875, 365 ],
			"projected_cuboid_centroid": [ 333.723388671875, 518.656005859375 ],
			"bounding_box":
			{
				"top_left": [ 497.73870849609375, 326.440185546875 ],
				"bottom_right": [ 542.67999267578125, 341.92190551757813 ]
			},
			"cuboid": [
				[ 117.78089904785156, 360.5614013671875, 392.85739135742188 ],
				[ 103.85220336914063, 360.5614013671875, 392.85739135742188 ],
				[ 103.85220336914063, 388.418701171875, 392.85739135742188 ],
				[ 117.78089904785156, 388.418701171875, 392.85739135742188 ],
				[ 117.78089904785156, 360.5614013671875, 337.14260864257813 ],
				[ 103.85220336914063, 360.5614013671875, 337.14260864257813 ],
				[ 103.85220336914063, 388.418701171875, 337.14260864257813 ],
				[ 117.78089904785156, 388.418701171875, 337.14260864257813 ]
			],
			"projected_cuboid": [
				[ 332.75030517578125, 490.95480346679688 ],
				[ 323.67379760742188, 490.95480346679688 ],
				[ 323.67379760742188, 509.10760498046875 ],
				[ 332.75030517578125, 509.10760498046875 ],
				[ 345.43368530273438, 529.782470703125 ],
				[ 334.8572998046875, 529.782470703125 ],
				[ 334.8572998046875, 550.93511962890625 ],
				[ 345.43368530273438, 550.93511962890625 ]
			]
		},
		{
			"class": "sphere",
			"visibility": 0,
			"location": [ -60.095298767089844, -151.85299682617188, 365 ],
			"quaternion_xyzw": [ 0, 0, 0, 1 ],
			"pose_transform": [
				[ 0, 0, 0.40000000596046448, 0 ],
				[ -0.093900002539157867, -0.034499999135732651, 0, 0 ],
				[ -0.068999998271465302, 0.18770000338554382, 0, 0 ],
				[ -60.095298767089844, -151.85299682617188, 365, 1 ]
			],
			"cuboid_centroid": [ -60.095298767089844, -151.85299682617188, 365 ],
			"projected_cuboid_centroid": [ 213.85090637207031, 149.49490356445313 ],
			"bounding_box":
			{
				"top_left": [ 136.39250183105469, 207.027099609375 ],
				"bottom_right": [ 161.34379577636719, 220.18989562988281 ]
			},
			"cuboid": [
				[ -71.435401916503906, -141.17999267578125, 392.85739135742188 ],
				[ -58.36090087890625, -136.377197265625, 392.85739135742188 ],
				[ -48.755298614501953, -162.5260009765625, 392.85739135742188 ],
				[ -61.829700469970703, -167.32879638671875, 392.85739135742188 ],
				[ -71.435401916503906, -141.17999267578125, 337.14260864257813 ],
				[ -58.36090087890625, -136.377197265625, 337.14260864257813 ],
				[ -48.755298614501953, -162.5260009765625, 337.14260864257813 ],
				[ -61.829700469970703, -167.32879638671875, 337.14260864257813 ]
			],
			"projected_cuboid": [
				[ 209.45010375976563, 164.00199890136719 ],
				[ 217.97000122070313, 167.13169860839844 ],
				[ 224.22929382324219, 150.09219360351563 ],
				[ 215.70950317382813, 146.96249389648438 ],
				[ 201.75750732421875, 148.79879760742188 ],
				[ 211.685302734375, 152.44569396972656 ],
				[ 218.97900390625, 132.59030151367188 ],
				[ 209.05130004882813, 128.94340515136719 ]
			]
		}
	]
}