{
	"camera_data":
	{
		"location_worldframe": [ 0, 240, -360 ],
		"quaternion_xyzw_worldframe": [ 0, 0, 0, 1 ]
	},
	"objects": [
		{
			"class": "sphere",
			"visibility": 0,
			"location": [ -126.86910247802734, -67.183502197265625, 365 ],
			"quaternion_xyzw": [ 0, 0, 0, 1 ],
			"pose_transform": [
				[ 0, 0, 0.40000000596046448, 0 ],
				[ 0.099299997091293335, 0.012099999934434891, 0, 0 ],
				[ 0.024199999868869781, -0.19850000739097595, 0, 0 ],
				[ -126.86910247802734, -67.183502197265625, 365, 1 ]
			],
			"cuboid_centroid": [ -126.86910247802734, -67.183502197265625, 365 ],
			"projected_cuboid_centroid": [ 167.01780700683594, 208.87950134277344 ],
			"bounding_box":
			{
				"top_left": [ 198.17149353027344, 157.98480224609375 ],
				"bottom_right": [ 219.02130126953125, 174.99369812011719 ]
			},
			"cuboid": [
				[ -118.27010345458984, -80.166801452636719, 392.85739135742188 ],
				[ -132.09640502929688, -81.852699279785156, 392.85739135742188 ],
				[ -135.46809387207031, -54.200199127197266, 392.85739135742188 ],
				[ -121.64179992675781, -52.514400482177734, 392.85739135742188 ],
				[ -118.27010345458984, -80.166801452636719, 337.14260864257813 ],
				[ -132.09640502929688, -81.852699279785156, 337.14260864257813 ],
				[ -135.46809387207031, -54.200199127197266, 337.14260864257813 ],
				[ -121.64179992675781, -52.514400482177734, 337.14260864257813 ]
			],
			"projected_cuboid": [
				[ 178.93099975585938, 203.76040649414063 ],
				[ 169.92120361328125, 202.66189575195313 ],
				[ 167.72410583496094, 220.68119812011719 ],
				[ 176.73390197753906, 221.77980041503906 ],
				[ 166.19479370117188, 195.12750244140625 ],
				[ 155.69619750976563, 193.84739685058594 ],
				[ 153.13600158691406, 214.8446044921875 ],
				[ 163.63459777832031, 216.12469482421875 ]
			]
		}
	]
}