{
	"camera_data":
	{
		"location_worldframe": [ 0, 240, -360 ],
		"quaternion_xyzw_worldframe": [ 0, 0, 0, 1 ]
	},
	"objects": [
		{
			"class": "sphere",
			"visibility": 0,
			"location": [ 110.81649780273438, 357.3096923828125, 365 ],
			"quaternion_xyzw": [ 0, 0, 0, 1 ],
			"pose_transform": [
				[ 0, 0, 0.40000000596046448, 0 ],
				[ 0.10000000149011612, 0, 0, 0 ],
				[ 0, -0.20000000298023224, 0, 0 ],
				[ 110.81649780273438, 357.3096923828125, 365, 1 ]
			],
			"cuboid_centroid": [ 110.81649780273438, 357.3096923828125, 365 ],
			"projected_cuboid_centroid": [ 333.723388671875, 506.60629272460938 ],
			"bounding_box":
			{
				"top_left": [ 486.43789672851563, 326.440185546875 ],
				"bottom_right": [ 529.7244873046875, 341.92190551757813 ]
			},
			"cuboid": [
				[ 117.78089904785156, 343.381103515625, 392.85739135742188 ],
				[ 103.85220336914063, 343.381103515625, 392.85739135742188 ],
				[ 103.85220336914063, 371.2384033203125, 392.85739135742188 ],
				[ 117.78089904785156, 371.2384033203125, 392.85739135742188 ],
				[ 117.78089904785156, 343.381103515625, 337.14260864257813 ],
				[ 103.85220336914063, 343.381103515625, 337.14260864257813 ],
				[ 103.85220336914063, 371.2384033203125, 337.14260864257813 ],
				[ 117.78089904785156, 371.2384033203125, 337.14260864257813 ]
			],
			"projected_cuboid": [
				[ 332.75030517578125, 479.7593994140625 ],
				[ 323.67379760742188, 479.7593994140625 ],
				[ 323.67379760742188, 497.91229248046875 ],
				[ 332.75030517578125, 497.91229248046875 ],
				[ 345.43368530273438, 516.73699951171875 ],
				[ 334.8572998046875, 516.73699951171875 ],
				[ 334.8572998046875, 537.88970947265625 ],
				[ 345.43368530273438, 537.88970947265625 ]
			]
		},
		{
			"class": "sphere",
			"visibility": 0,
			"location": [ -39.183498382568359, 367.3096923828125, 365 ],
			"quaternion_xyzw": [ 0, 0, 0, 1 ],
			"pose_transform": [
				[ 0, 0, 0.40000000596046448, 0 ],
				[ 0.10000000149011612, 0, 0, 0 ],
				[ 0, -0.20000000298023224, 0, 0 ],
				[ -39.183498382568359, 367.3096923828125, 365, 1 ]
			],
			"cuboid_centroid": [ -39.183498382568359, 367.3096923828125, 365 ],
			"projected_cuboid_centroid": [ 228.51789855957031, 513.6199951171875 ],
			"bounding_box":
			{
				"top_left": [ 493.01559448242188, 223.01409912109375 ],
				"bottom_right": [ 537.26531982421875, 233.70309448242188 ]
			},
			"cuboid": [
				[ -32.219100952148438, 353.381103515625, 392.85739135742188 ],
				[ -46.147800445556641, 353.381103515625, 392.85739135742188 ],
				[ -46.147800445556641, 381.2384033203125, 392.85739135742188 ],
				[ -32.219100952148438, 381.2384033203125, 392.85739135742188 ],
				[ -32.219100952148438, 353.381103515625, 337.14260864257813 ],
				[ -46.147800445556641, 353.381103515625, 337.14260864257813 ],
				[ -46.147800445556641, 381.2384033203125, 337.14260864257813 ],
				[ -32.219100952148438, 381.2384033203125, 337.14260864257813 ]
			],
			"projected_cuboid": [
				[ 235.00489807128906, 486.27578735351563 ],
				[ 225.92840576171875, 486.27578735351563 ],
				[ 225.92840576171875, 504.4285888671875 ],
				[ 235.00489807128906, 504.4285888671875 ],
				[ 231.53529357910156, 524.3302001953125 ],
				[ 220.95889282226563, 524.3302001953125 ],
				[ 220.95889282226563, 545.48291015625 ],
				[ 231.53529357910156, 545.48291015625 ]
			]
		},
		{
			"class": "sphere",
			"visibility": 0,
			"location": [ 30.816499710083008, 367.3096923828125, 365 ],
			"quaternion_xyzw": [ 0, 0, 0, 1 ],
			"pose_transform": [
				[ 0, 0, 0.40000000596046448, 0 ],
				[ 0.10000000149011612, 0, 0, 0 ],
				[ 0, -0.20000000298023224, 0, 0 ],
				[ 30.816499710083008, 367.3096923828125, 365, 1 ]
			],
			"cuboid_centroid": [ 30.816499710083008, 367.3096923828125, 365 ],
			"projected_cuboid_centroid": [ 277.61380004882813, 513.6199951171875 ],
			"bounding_box":
			{
				"top_left": [ 493.01559448242188, 272.55999755859375 ],
				"bottom_right": [ 537.26531982421875, 282.92620849609375 ]
			},
			"cuboid": [
				[ 37.780899047851563, 353.381103515625, 392.85739135742188 ],
				[ 23.852199554443359, 353.381103515625, 392.85739135742188 ],
				[ 23.852199554443359, 381.2384033203125, 392.85739135742188 ],
				[ 37.780899047851563, 381.2384033203125, 392.85739135742188 ],
				[ 37.780899047851563, 353.381103515625, 337.14260864257813 ],
				[ 23.852199554443359, 353.381103515625, 337.14260864257813 ],
				[ 23.852199554443359, 381.2384033203125, 337.14260864257813 ],
				[ 37.780899047851563, 381.2384033203125, 337.14260864257813 ]
			],
			"projected_cuboid": [
				[ 280.619384765625, 486.27578735351563 ],
				[ 271.54299926757813, 486.27578735351563 ],
				[ 271.54299926757813, 504.4285888671875 ],
				[ 280.619384765625, 504.4285888671875 ],
				[ 284.68789672851563, 524.3302001953125 ],
				[ 274.11151123046875, 524.3302001953125 ],
				[ 274.11151123046875, 545.48291015625 ],
				[ 284.68789672851563, 545.48291015625 ]
			]
		},
		{
			"class": "sphere",
			"visibility": 0,
			"location": [ 110.81649780273438, 297.30960083007813, 365 ],
			"quaternion_xyzw": [ 0, 0, 0, 1 ],
			"pose_transform": [
				[ 0, 0, 0.40000000596046448, 0 ],
				[ 0.10000000149011612, 0, 0, 0 ],
				[ 0, -0.20000000298023224, 0, 0 ],
				[ 110.81649780273438, 297.30960083007813, 365, 1 ]
			],
			"cuboid_centroid": [ 110.81649780273438, 297.30960083007813, 365 ],
			"projected_cuboid_centroid": [ 333.723388671875, 464.52398681640625 ],
			"bounding_box":
			{
				"top_left": [ 446.94540405273438, 326.440185546875 ],
				"bottom_right": [ 484.56851196289063, 341.92190551757813 ]
			},
			"cuboid": [
				[ 117.78089904785156, 283.38088989257813, 392.85739135742188 ],
				[ 103.85220336914063, 283.38088989257813, 392.85739135742188 ],
				[ 103.85220336914063, 311.23818969726563, 392.85739135742188 ],
				[ 117.78089904785156, 311.23818969726563, 392.85739135742188 ],
				[ 117.78089904785156, 283.38088989257813, 337.14260864257813 ],
				[ 103.85220336914063, 283.38088989257813, 337.14260864257813 ],
				[ 103.85220336914063, 311.23818969726563, 337.14260864257813 ],
				[ 117.78089904785156, 311.23818969726563, 337.14260864257813 ]
			],
			"projected_cuboid": [
				[ 332.75030517578125, 440.66119384765625 ],
				[ 323.67379760742188, 440.66119384765625 ],
				[ 323.67379760742188, 458.81399536132813 ],
				[ 332.75030517578125, 458.81399536132813 ],
				[ 345.43368530273438, 471.1776123046875 ],
				[ 334.8572998046875, 471.1776123046875 ],
				[ 334.8572998046875, 492.33029174804688 ],
				[ 345.43368530273438, 492.33029174804688 ]
			]
		},
		{
			"class": "sphere",
			"visibility": 0,
			"location": [ -99.183502197265625, 367.3096923828125, 365 ],
			"quaternion_xyzw": [ 0, 0, 0, 1 ],
			"pose_transform": [
				[ 0, 0, 0.40000000596046448, 0 ],
				[ 0.10000000149011612, 0, 0, 0 ],
				[ 0, -0.20000000298023224, 0, 0 ],
				[ -99.183502197265625, 367.3096923828125, 365, 1 ]
			],
			"cuboid_centroid": [ -99.183502197265625, 367.3096923828125, 365 ],
			"projected_cuboid_centroid": [ 186.43569946289063, 513.6199951171875 ],
			"bounding_box":
			{
				"top_left": [ 493.01559448242188, 178.76620483398438 ],
				"bottom_right": [ 537.26531982421875, 193.28680419921875 ]
			},
			"cuboid": [
				[ -92.219100952148438, 353.381103515625, 392.85739135742188 ],
				[ -106.14779663085938, 353.381103515625, 392.85739135742188 ],
				[ -106.14779663085938, 381.2384033203125, 392.85739135742188 ],
				[ -92.219100952148438, 381.2384033203125, 392.85739135742188 ],
				[ -92.219100952148438, 353.381103515625, 337.14260864257813 ],
				[ -106.14779663085938, 353.381103515625, 337.14260864257813 ],
				[ -106.14779663085938, 381.2384033203125, 337.14260864257813 ],
				[ -92.219100952148438, 381.2384033203125, 337.14260864257813 ]
			],