{
	"camera_data":
	{
		"location_worldframe": [ 0, 240, -360 ],
		"quaternion_xyzw_worldframe": [ 0, 0, 0, 1 ]
	},
	"objects": [
		{
			"class": "sphere",
			"visibility": 0,
			"location": [ -106.48210144042969, -93.0343017578125, 365 ],
			"quaternion_xyzw": [ 0, 0, 0, 1 ],
			"pose_transform": [
				[ 0, 0, 0.40000000596046448, 0 ],
				[ -0.089900001883506775, -0.043800000101327896, 0, 0 ],
				[ -0.087700001895427704, 0.17980000376701355, 0, 0 ],
				[ -106.48210144042969, -93.0343017578125, 365, 1 ]
			],
			"cuboid_centroid": [ -106.48210144042969, -93.0343017578125, 365 ],
			"projected_cuboid_centroid": [ 181.31669616699219, 190.74850463867188 ],
			"bounding_box":
			{
				"top_left": [ 179.98420715332031, 172.43499755859375 ],
				"bottom_right": [ 200.74330139160156, 189.32240295410156 ]
			},
			"cuboid": [
				[ -118.84799957275391, -83.569000244140625, 392.85739135742188 ],
				[ -106.32929992675781, -77.46240234375, 392.85739135742188 ],
				[ -94.116203308105469, -102.49970245361328, 392.85739135742188 ],
				[ -106.63490295410156, -108.60630035400391, 392.85739135742188 ],
				[ -118.84799957275391, -83.569000244140625, 337.14260864257813 ],
				[ -106.32929992675781, -77.46240234375, 337.14260864257813 ],
				[ -94.116203308105469, -102.49970245361328, 337.14260864257813 ],
				[ -106.63490295410156, -108.60630035400391, 337.14260864257813 ]
			],
			"projected_cuboid": [
				[ 178.55439758300781, 201.54350280761719 ],
				[ 186.71200561523438, 205.522705078125 ],
				[ 194.67050170898438, 189.20750427246094 ],
				[ 186.51289367675781, 185.22819519042969 ],
				[ 165.75599670410156, 192.54420471191406 ],
				[ 175.26179504394531, 197.18110656738281 ],
				[ 184.53550720214844, 178.16969299316406 ],
				[ 175.02969360351563, 173.53280639648438 ]
			]
		}
	]
}