{
	"camera_data":
	{
		"location_worldframe": [ 0, 240, -360 ],
		"quaternion_xyzw_worldframe": [ 0, 0, 0, 1 ]
	},
	"objects": [
		{
			"class": "sphere",
			"visibility": 0,
			"location": [ -82.272201538085938, -123.73259735107422, 365 ],
			"quaternion_xyzw": [ 0, 0, 0, 1 ],
			"pose_transform": [
				[ 0, 0, 0.40000000596046448, 0 ],
				[ 0.0966000035405159, 0.025900000706315041, 0, 0 ],
				[ 0.051800001412630081, -0.1932000070810318, 0, 0 ],
				[ -82.272201538085938, -123.73259735107422, 365, 1 ]
			],
			"cuboid_centroid": [ -82.272201538085938, -123.73259735107422, 365 ],
			"projected_cuboid_centroid": [ 198.29670715332031, 169.21769714355469 ],
			"bounding_box":
			{
				"top_left": [ 157.0115966796875, 190.97200012207031 ],
				"bottom_right": [ 180.39590454101563, 204.94219970703125 ]
			},
			"cuboid": [
				[ -71.939697265625, -135.38369750976563, 392.85739135742188 ],
				[ -85.393699645996094, -138.98930358886719, 392.85739135742188 ],
				[ -92.604698181152344, -112.08149719238281, 392.85739135742188 ],
				[ -79.150802612304688, -108.47589874267578, 392.85739135742188 ],
				[ -71.939697265625, -135.38369750976563, 337.14260864257813 ],
				[ -85.393699645996094, -138.98930358886719, 337.14260864257813 ],
				[ -92.604698181152344, -112.08149719238281, 337.14260864257813 ],
				[ -79.150802612304688, -108.47589874267578, 337.14260864257813 ]
			],
			"projected_cuboid": [
				[ 209.12150573730469, 167.77909851074219 ],
				[ 200.35440063476563, 165.42959594726563 ],
				[ 195.6553955078125, 182.96369934082031 ],
				[ 204.42250061035156, 185.31320190429688 ],
				[ 201.37449645996094, 153.20010375976563 ],
				[ 191.15859985351563, 150.46229553222656 ],
				[ 185.68310546875, 170.89399719238281 ],
				[ 195.89900207519531, 173.63180541992188 ]
			]
		}
	]
}