{
	"camera_data":
	{
		"location_worldframe": [ 0, 240, -360 ],
		"quaternion_xyzw_worldframe": [ 0, 0, 0, 1 ]
	},
	"objects": [
		{
			"class": "sphere",
			"visibility": 0,
			"location": [ -75.054496765136719, -132.88470458984375, 365 ],
			"quaternion_xyzw": [ 0, 0, 0, 1 ],
			"pose_transform": [
				[ 0, 0, 0.40000000596046448, 0 ],
				[ 0.074400000274181366, -0.06679999828338623, 0, 0 ],
				[ -0.13359999656677246, -0.14880000054836273, 0, 0 ],
				[ -75.054496765136719, -132.88470458984375, 365, 1 ]
			],
			"cuboid_centroid": [ -75.054496765136719, -132.88470458984375, 365 ],
			"projected_cuboid_centroid": [ 203.35899353027344, 162.7987060546875 ],
			"bounding_box":
			{
				"top_left": [ 151.47210693359375, 194.50559997558594 ],
				"bottom_right": [ 173.02070617675781, 211.58779907226563 ]
			},
			"cuboid": [
				[ -79.176002502441406, -147.902099609375, 392.85739135742188 ],
				[ -89.541297912597656, -138.597900390625, 392.85739135742188 ],
				[ -70.933097839355469, -117.86730194091797, 392.85739135742188 ],
				[ -60.567699432373047, -127.17140197753906, 392.85739135742188 ],
				[ -79.176002502441406, -147.902099609375, 337.14260864257813 ],
				[ -89.541297912597656, -138.597900390625, 337.14260864257813 ],
				[ -70.933097839355469, -117.86730194091797, 337.14260864257813 ],
				[ -60.567699432373047, -127.17140197753906, 337.14260864257813 ]
			],
			"projected_cuboid": [
				[ 204.40609741210938, 159.6217041015625 ],
				[ 197.65159606933594, 165.68460083007813 ],
				[ 209.77740478515625, 179.19349670410156 ],
				[ 216.53190612792969, 173.1304931640625 ],
				[ 195.87989807128906, 143.69459533691406 ],
				[ 188.00920104980469, 150.75950622558594 ],
				[ 202.13890075683594, 166.50070190429688 ],
				[ 210.00959777832031, 159.43580627441406 ]
			]
		}
	]
}